"ลำดับ","ชื่อสินค้า","ประเภท","จำนวน","Serial Number","หมายเหตุ","วันที่นำเข้า"
"1","Indoor Camera","free","1","","เพิ่มจำนวน","Thu Oct 08 2026 15:39:38 GMT+0700 (Indochina Time)"
"2","Smart Light Switch","install","1","A1cMEDY-Zv7_nMVw_____w","","Sun Oct 04 2026 15:33:30 GMT+0700 (Indochina Time)"
"3","Smart Light Switch","install","1","A1cMEA41Zv7_nMVw_____w","","Sun Oct 04 2026 15:33:30 GMT+0700 (Indochina Time)"
"4","Smart Light Switch","install","1","A1cMEN0KIv7_2nOM_____w","","Sun Oct 04 2026 15:33:30 GMT+0700 (Indochina Time)"
"5","Smart Light Switch","install","1","A1cMEKMyZv7_nMVw_____w","","Sun Oct 04 2026 15:33:29 GMT+0700 (Indochina Time)"
"6","Smart Light Switch","install","1","A1cMED4jI_7_2nOM_____w","","Sun Oct 04 2026 15:33:29 GMT+0700 (Indochina Time)"
"7","Camera Outdoor","free","10","","เพิ่มจำนวน","Fri Oct 02 2026 15:57:47 GMT+0700 (Indochina Time)"
"8","Indoor Camera","free","1","","เพิ่มจำนวน","Thu Sep 24 2026 17:19:00 GMT+0700 (Indochina Time)"
"9","Indoor Camera","free","1","","เพิ่มจำนวน","Thu Sep 24 2026 17:18:58 GMT+0700 (Indochina Time)"
"10","Smart Station","free","1","","เพิ่มจำนวน","Thu Sep 24 2026 17:18:42 GMT+0700 (Indochina Time)"
"11","Smart Station","free","1","","เพิ่มจำนวน","Thu Sep 24 2026 17:18:41 GMT+0700 (Indochina Time)"
"12","QuickLink Curtain Motor (5.2m)","free","2","","","Thu Sep 24 2026 15:57:07 GMT+0700 (Indochina Time)"
"13","Nature Mini L 3G","free","1","","เพิ่มจำนวน","Thu Sep 24 2026 15:42:29 GMT+0700 (Indochina Time)"
"14","Outdoor Camera","free","5","","เพิ่มจำนวน","Thu Sep 24 2026 15:42:11 GMT+0700 (Indochina Time)"
"15","MoonStone 3G WH","free","1","","เพิ่มจำนวน","Wed Sep 23 2026 15:53:13 GMT+0700 (Indochina Time)"
"16","MoonStone 2G WH","free","1","","เพิ่มจำนวน","Wed Sep 23 2026 15:52:58 GMT+0700 (Indochina Time)"
"17","CUBE Switch Module 2 Way","free","1","","เพิ่มจำนวน","Wed Sep 23 2026 15:52:44 GMT+0700 (Indochina Time)"
"18","Outdoor Camera","free","2","","เพิ่มจำนวน","Wed Sep 23 2026 15:52:24 GMT+0700 (Indochina Time)"
"19","Indoor Camera","free","1","","เพิ่มจำนวน","Wed Sep 23 2026 13:53:21 GMT+0700 (Indochina Time)"
"20","Smart Station","free","2","","เพิ่มจำนวน","Sat Sep 19 2026 15:59:23 GMT+0700 (Indochina Time)"
"21","Camera Outdoor","install","1","","เพิ่มจำนวน","Fri Sep 18 2026 17:41:34 GMT+0700 (Indochina Time)"
"22","Camera Outdoor","install","1","BC340021CFD8","","Fri Sep 18 2026 17:41:33 GMT+0700 (Indochina Time)"
"23","New Indoor Camera (5MP)","install","1","","เพิ่มจำนวน","Fri Sep 18 2026 09:07:48 GMT+0700 (Indochina Time)"
"24","New Indoor Camera (5MP)","install","1","61DE3BMPSF81B7F","","Fri Sep 18 2026 09:07:47 GMT+0700 (Indochina Time)"
"25","MoonStone 2G WH","free","1","","เพิ่มจำนวน","Tue Sep 15 2026 13:50:21 GMT+0700 (Indochina Time)"
"26","MoonStone 3G WH","free","4","","เพิ่มจำนวน","Thu Sep 10 2026 10:44:29 GMT+0700 (Indochina Time)"
"27","MoonStone 3G WH","free","4","","เพิ่มจำนวน","Thu Sep 10 2026 10:44:27 GMT+0700 (Indochina Time)"
"28","Camera Outdoor","install","1","","เพิ่มจำนวน","Mon Sep 07 2026 12:20:39 GMT+0700 (Indochina Time)"
"29","Camera Outdoor","install","1","BC340021CFD8","","Mon Sep 07 2026 12:20:38 GMT+0700 (Indochina Time)"
"30","MoonStone 3G WH","free","1","","เพิ่มจำนวน","Fri Sep 04 2026 15:13:26 GMT+0700 (Indochina Time)"
"31","Smart Station","free","1","","เพิ่มจำนวน","Fri Sep 04 2026 15:13:07 GMT+0700 (Indochina Time)"
"32","New Indoor Camera (5MP)","install","1","","เพิ่มจำนวน","Fri Sep 04 2026 13:52:45 GMT+0700 (Indochina Time)"
"33","New Indoor Camera (5MP)","install","1","61DE3BMPSF81B7F","","Fri Sep 04 2026 13:52:44 GMT+0700 (Indochina Time)"
"34","CUBE Switch Module 2 Way","free","2","","เพิ่มจำนวน","Thu Sep 03 2026 10:24:27 GMT+0700 (Indochina Time)"
"35","CUBE Switch Module, Pro 3 way","install","1","AxEMEFZAuAEAAAIyCg3__w","","Wed Sep 02 2026 16:09:58 GMT+0700 (Indochina Time)"
"36","CUBE Switch Module, Pro 3 way","install","1","AxEMEFZAuAEAAARJGA3__w","","Wed Sep 02 2026 16:09:58 GMT+0700 (Indochina Time)"
"37","CUBE Switch Module, Pro 3 way","install","1","AxEMENp3pwEAABY0IQz__w","","Wed Sep 02 2026 16:09:57 GMT+0700 (Indochina Time)"
"38","CUBE Switch Module, Pro 3 way","install","1","AxEMEFZAuAEAAAIwMQ3__w","","Wed Sep 02 2026 16:09:57 GMT+0700 (Indochina Time)"
"39","CUBE Switch Module, Pro 3 way","install","1","AxEMEFZAuAEAAAI3UQ3__w","","Wed Sep 02 2026 16:09:57 GMT+0700 (Indochina Time)"
"40","CUBE Switch Module 1 way","install","1","AwwMEFZAuAEAAAJdHw3__w","","Wed Sep 02 2026 16:09:16 GMT+0700 (Indochina Time)"
"41","CUBE Switch Module 1 way","install","1","AwwMEFZAuAEAAARJTQ3__w","","Wed Sep 02 2026 16:09:15 GMT+0700 (Indochina Time)"
"42","CUBE Switch Module 1 way","install","1","AwwMEFZAuAEAAARHCw3__w","","Wed Sep 02 2026 16:09:15 GMT+0700 (Indochina Time)"
"43","CUBE Switch Module 1 way","install","1","AwwMEFZAuAEAAAEiDQ3__w","","Wed Sep 02 2026 16:09:15 GMT+0700 (Indochina Time)"
"44","CUBE Switch Module 1 way","install","1","AwwMECD9qQEAAAo7Gwz__w","","Wed Sep 02 2026 16:09:15 GMT+0700 (Indochina Time)"
"45","CUBE Switch Module 2 Way","install","1","Aw0MECD9qQEAAApmJgz__w","","Wed Sep 02 2026 16:08:34 GMT+0700 (Indochina Time)"
"46","CUBE Switch Module 2 Way","install","1","Aw0MECD9qQEAABYVFwz__w","","Wed Sep 02 2026 16:08:34 GMT+0700 (Indochina Time)"
"47","CUBE Switch Module 2 Way","install","1","Aw0MECD9qQEAABYbKQz__w","","Wed Sep 02 2026 16:08:34 GMT+0700 (Indochina Time)"
"48","CUBE Switch Module 2 Way","install","1","Aw0MECD9qQEAABYDMgz__w","","Wed Sep 02 2026 16:08:33 GMT+0700 (Indochina Time)"
"49","CUBE Switch Module 2 Way","install","1","Aw0MECD9qQEAABYaHwz__w","","Wed Sep 02 2026 16:08:33 GMT+0700 (Indochina Time)"
"50","BLEND Switch PRO (Gray 3 way)","install","1","9126C4W4J3","","Wed Sep 02 2026 16:07:34 GMT+0700 (Indochina Time)"
"51","BLEND Switch PRO (Gray 3 way)","install","1","9126C4W4M0","","Wed Sep 02 2026 16:07:33 GMT+0700 (Indochina Time)"
"52","BLEND Switch PRO (Gray 3 way)","install","1","9126C4W07A","","Wed Sep 02 2026 16:07:33 GMT+0700 (Indochina Time)"
"53","BLEND Switch PRO (Gray 3 way)","install","1","9126C4W06C","","Wed Sep 02 2026 16:07:33 GMT+0700 (Indochina Time)"
"54","BLEND Switch PRO (Gray 3 way)","install","1","9126C4W06A","","Wed Sep 02 2026 16:07:32 GMT+0700 (Indochina Time)"
"55","BLEND Switch PRO (Gray 1 way)","install","1","91256FW0T4","","Wed Sep 02 2026 16:06:54 GMT+0700 (Indochina Time)"
"56","BLEND Switch PRO (Gray 1 way)","install","1","91256FW0R9","","Wed Sep 02 2026 16:06:54 GMT+0700 (Indochina Time)"
"57","BLEND Switch PRO (Gray 1 way)","install","1","91256FW18R","","Wed Sep 02 2026 16:06:54 GMT+0700 (Indochina Time)"
"58","BLEND Switch PRO (Gray 1 way)","install","1","91256FW0TB","","Wed Sep 02 2026 16:06:53 GMT+0700 (Indochina Time)"
"59","BLEND Switch PRO (Gray 1 way)","install","1","91256FW0R7","","Wed Sep 02 2026 16:06:53 GMT+0700 (Indochina Time)"
"60","BLEND Switch PRO (Gray 2 way)","install","1","9125ABW21D","","Wed Sep 02 2026 16:05:57 GMT+0700 (Indochina Time)"
"61","BLEND Switch PRO (Gray 2 way)","install","1","9125ABW1YV","","Wed Sep 02 2026 16:05:57 GMT+0700 (Indochina Time)"
"62","BLEND Switch PRO (Gray 2 way)","install","1","9125ABW21F","","Wed Sep 02 2026 16:05:57 GMT+0700 (Indochina Time)"
"63","BLEND Switch PRO (Gray 2 way)","install","1","9125ABW21E","","Wed Sep 02 2026 16:05:56 GMT+0700 (Indochina Time)"
"64","BLEND Switch PRO (Gray 2 way)","install","1","9125ABW219","","Wed Sep 02 2026 16:05:56 GMT+0700 (Indochina Time)"
"65","MoonStone 2G WH","free","8","","เพิ่มจำนวน","Wed Sep 02 2026 16:00:52 GMT+0700 (Indochina Time)"
"66","Nature 7 Pro","install","1","BC34002DC948","","Mon Aug 31 2026 13:32:40 GMT+0700 (Indochina Time)"
"67","Smart Station","install","1","6902488","","Mon Aug 31 2026 13:30:59 GMT+0700 (Indochina Time)"
"68","General Controller","free","2","","เพิ่มจำนวน","Sun Aug 30 2026 15:18:19 GMT+0700 (Indochina Time)"
"69","Nature Mini L 3G","free","1","","เพิ่มจำนวน","Fri Aug 28 2026 13:20:00 GMT+0700 (Indochina Time)"
"70","Zigbee Door and window sensor","free","3","","เพิ่มจำนวน","Tue Aug 25 2026 13:20:25 GMT+0700 (Indochina Time)"
"71","Smart Station","free","2","","เพิ่มจำนวน","Tue Aug 25 2026 13:20:02 GMT+0700 (Indochina Time)"
"72","Zigbee Door and window sensor","install","1","680005490","","Mon Aug 24 2026 16:27:42 GMT+0700 (Indochina Time)"
"73","Zigbee Door and window sensor","free","3","","เพิ่มจำนวน","Mon Aug 24 2026 16:26:39 GMT+0700 (Indochina Time)"
"74","General Controller","free","1","","เพิ่มจำนวน","Mon Aug 24 2026 15:13:03 GMT+0700 (Indochina Time)"
"75","Zigbee 3G WH","free","1","","เพิ่มจำนวน","Mon Aug 24 2026 09:51:56 GMT+0700 (Indochina Time)"
"76","Zigbee 3G WH","free","1","","เพิ่มจำนวน","Mon Aug 24 2026 09:51:54 GMT+0700 (Indochina Time)"
"77","New Indoor Camera (5MP)","install","3","","เพิ่มจำนวน","Wed Aug 19 2026 12:16:33 GMT+0700 (Indochina Time)"
"78","New Indoor Camera (5MP)","install","1","61DE3BMPSF69D2A","","Wed Aug 19 2026 12:16:33 GMT+0700 (Indochina Time)"
"79","New Indoor Camera (5MP)","install","1","61DE3BMPSF4F886","","Wed Aug 19 2026 12:16:32 GMT+0700 (Indochina Time)"
"80","New Indoor Camera (5MP)","install","1","61DE3BMPSF81B7F","","Wed Aug 19 2026 12:16:31 GMT+0700 (Indochina Time)"
"81","Camera Outdoor","install","3","","เพิ่มจำนวน","Wed Aug 19 2026 12:15:54 GMT+0700 (Indochina Time)"
"82","Camera Outdoor","install","1","BC340021BD30","","Wed Aug 19 2026 12:15:53 GMT+0700 (Indochina Time)"
"83","Camera Outdoor","install","1","BC340021C4F3","","Wed Aug 19 2026 12:15:53 GMT+0700 (Indochina Time)"
"84","Camera Outdoor","install","1","BC340021B959","","Wed Aug 19 2026 12:15:52 GMT+0700 (Indochina Time)"
"85","Smart Light Switch (118/120-Type, 3 Gang) (4x2) Black Colour","install","5","","เพิ่มจำนวน","Wed Aug 19 2026 12:14:50 GMT+0700 (Indochina Time)"
"86","Smart Light Switch (118/120-Type, 3 Gang) (4x2) Black Colour","install","1","A1YMEB1vIf7_2nOM_____w","","Wed Aug 19 2026 12:14:49 GMT+0700 (Indochina Time)"
"87","Smart Light Switch (118/120-Type, 3 Gang) (4x2) Black Colour","install","1","A1YMELEFIv7_2nOM_____w","","Wed Aug 19 2026 12:14:48 GMT+0700 (Indochina Time)"
"88","Smart Light Switch (118/120-Type, 3 Gang) (4x2) Black Colour","install","1","A1YMEJStV_7_nMVw_____w","","Wed Aug 19 2026 12:14:47 GMT+0700 (Indochina Time)"
"89","Smart Light Switch (118/120-Type, 3 Gang) (4x2) Black Colour","install","1","A1YMEI-TI_7_2nOM_____w","","Wed Aug 19 2026 12:14:46 GMT+0700 (Indochina Time)"
"90","Smart Light Switch (118/120-Type, 3 Gang) (4x2) Black Colour","install","1","A1YMEIWtV_7_nMVw_____w","","Wed Aug 19 2026 12:14:46 GMT+0700 (Indochina Time)"
"91","Smart Light Switch (118/120-Type, 2 Gang) (4x2) Black Color","install","4","","เพิ่มจำนวน","Wed Aug 19 2026 11:48:21 GMT+0700 (Indochina Time)"
"92","Smart Light Switch (118/120-Type, 2 Gang) (4x2) Black Color","install","1","A1cMEO_RZf7_nMVw_____w","","Wed Aug 19 2026 11:48:20 GMT+0700 (Indochina Time)"
"93","Smart Light Switch (118/120-Type, 2 Gang) (4x2) Black Color","install","1","A1cMEBtdW_7_nMVw_____w","","Wed Aug 19 2026 11:48:20 GMT+0700 (Indochina Time)"
"94","Smart Light Switch (118/120-Type, 2 Gang) (4x2) Black Color","install","1","A1cMEGnAbv7_R2go_____w","","Wed Aug 19 2026 11:48:19 GMT+0700 (Indochina Time)"
"95","Smart Light Switch (118/120-Type, 2 Gang) (4x2) Black Color","install","1","A1cMEEdFcP7_R2go_____w","","Wed Aug 19 2026 11:48:18 GMT+0700 (Indochina Time)"
"96","Smart Light Switch (118/120-Type, 1 Gang) (4x2) Black Colour","install","5","","เพิ่มจำนวน","Wed Aug 19 2026 11:37:20 GMT+0700 (Indochina Time)"
"97","Smart Light Switch (118/120-Type, 1 Gang) (4x2) Black Colour","install","1","A1gMEEN9I_7_2nOM_____w","","Wed Aug 19 2026 11:37:19 GMT+0700 (Indochina Time)"
"98","Smart Light Switch (118/120-Type, 1 Gang) (4x2) Black Colour","install","1","A1gMEHA-XP7_nMVw_____w","","Wed Aug 19 2026 11:37:18 GMT+0700 (Indochina Time)"
"99","Smart Light Switch (118/120-Type, 1 Gang) (4x2) Black Colour","install","1","A1gMEP46XP7_nMVw_____w","","Wed Aug 19 2026 11:37:18 GMT+0700 (Indochina Time)"
"100","Smart Light Switch (118/120-Type, 1 Gang) (4x2) Black Colour","install","1","A1gMEBo-XP7_nMVw_____w","","Wed Aug 19 2026 11:37:17 GMT+0700 (Indochina Time)"
"101","Smart Light Switch (118/120-Type, 1 Gang) (4x2) Black Colour","install","1","A1gMEDY7XP7_nMVw_____w","","Wed Aug 19 2026 11:37:16 GMT+0700 (Indochina Time)"
"102","Zigbee 3 G","install","1","680005116","","Tue Aug 18 2026 09:59:57 GMT+0700 (Indochina Time)"
"103","Cube Door/Window Sensor (White color)","free","4","","เพิ่มจำนวน","Mon Aug 17 2026 17:46:18 GMT+0700 (Indochina Time)"
"104","A0135272 Gigabit Switching Hub 8 Port D-LINK DGS-F1010P-E (7Inch,8 POE,+2 Uplink)","free","2","","","Mon Aug 17 2026 16:08:43 GMT+0700 (Indochina Time)"
"105","Outdoor Camera","free","1","","เพิ่มจำนวน","Mon Aug 17 2026 13:41:56 GMT+0700 (Indochina Time)"
"106","General Controller","install","1","A1EAACz5oQEAAA8tRgz__w","","Fri Aug 14 2026 10:42:01 GMT+0700 (Indochina Time)"
"107","General Controller","install","1","A1EAAGwzkQEAAAVaGAz__w","","Fri Aug 14 2026 10:42:00 GMT+0700 (Indochina Time)"
"108","General Controller","install","1","A1EAAOQFpgEAABMePQz__w","","Fri Aug 14 2026 10:42:00 GMT+0700 (Indochina Time)"
"109","General Controller","install","1","A1EAAOQFpgEAABRjIgz__w","","Fri Aug 14 2026 10:42:00 GMT+0700 (Indochina Time)"
"110","Smart Station","free","1","","เพิ่มจำนวน","Fri Aug 14 2026 10:16:41 GMT+0700 (Indochina Time)"
"111","Smart Station","free","1","","เพิ่มจำนวน","Fri Aug 14 2026 10:16:14 GMT+0700 (Indochina Time)"
"112","DEFED Door/Window Sensor","free","1","","เพิ่มจำนวน","Fri Aug 14 2026 10:16:02 GMT+0700 (Indochina Time)"
"113","General Controller","free","3","","เพิ่มจำนวน","Fri Aug 14 2026 10:15:43 GMT+0700 (Indochina Time)"
"114","Light Strip Controller","free","1","","เพิ่มจำนวน","Fri Aug 14 2026 10:15:26 GMT+0700 (Indochina Time)"
"115","Motion Senseo Pro","free","9","","","Fri Aug 14 2026 10:15:08 GMT+0700 (Indochina Time)"
"116","Motion Senseo Pro","free","2","","เพิ่มจำนวน","Fri Aug 14 2026 10:14:40 GMT+0700 (Indochina Time)"
"117","Motion Senseo Pro","free","2","","","Fri Aug 14 2026 10:14:16 GMT+0700 (Indochina Time)"
"118","Polar switch(3 gang)","free","2","","เพิ่มจำนวน","Fri Aug 14 2026 10:13:33 GMT+0700 (Indochina Time)"
"119","Cube Door/Window Sensor (White color)","free","1","","เพิ่มจำนวน","Fri Aug 14 2026 10:13:20 GMT+0700 (Indochina Time)"
"120","Outdoor Camera","free","1","","เพิ่มจำนวน","Thu Aug 13 2026 16:20:46 GMT+0700 (Indochina Time)"
"121","Zigbee 1G WH","free","1","","เพิ่มจำนวน","Mon Aug 10 2026 15:19:01 GMT+0700 (Indochina Time)"
"122","Zigbee 2G WH","install","1","680005093","","Mon Aug 10 2026 15:18:30 GMT+0700 (Indochina Time)"
"123","Zigbee 2G WH","install","1","680005076","","Mon Aug 10 2026 15:18:30 GMT+0700 (Indochina Time)"
"124","General Controller","install","1","A1EAAOQFpgEAABRjIgz__w","","Mon Aug 10 2026 15:17:29 GMT+0700 (Indochina Time)"
"125","General Controller","install","1","A1EAACz5oQEAAA8tRgz__w","","Mon Aug 10 2026 15:17:28 GMT+0700 (Indochina Time)"
"126","General Controller","install","1","A1EAAGwzkQEAAAVaGAz__w","","Mon Aug 10 2026 15:17:28 GMT+0700 (Indochina Time)"
"127","General Controller","install","1","A1EAAOQFpgEAABMePQz__w","","Mon Aug 10 2026 15:17:28 GMT+0700 (Indochina Time)"
"128","Smart Station","free","1","","เพิ่มจำนวน","Mon Aug 10 2026 09:24:40 GMT+0700 (Indochina Time)"
"129","Zigbee 1G WH","free","1","","เพิ่มจำนวน","Fri Aug 07 2026 09:12:09 GMT+0700 (Indochina Time)"
"130","DEFED Door/Window Sensor","install","1","AwMPEIpSrgEAABYRMg3__w","","Thu Aug 06 2026 15:10:53 GMT+0700 (Indochina Time)"
"131","Smart Station Pro","free","1","","เพิ่มจำนวน","Thu Aug 06 2026 14:47:35 GMT+0700 (Indochina Time)"
"132","Smart Station","free","1","","เพิ่มจำนวน","Thu Aug 06 2026 14:47:24 GMT+0700 (Indochina Time)"
"133","Outdoor Camera","free","1","","","Wed Aug 05 2026 14:42:14 GMT+0700 (Indochina Time)"
"134","Smart Light Switch (118/120-Type, 3 Gang) (4x2) Black Colour","install","1","A1YMEB1vIf7_2nOM_____w","","Wed Aug 05 2026 14:23:58 GMT+0700 (Indochina Time)"
"135","Smart Light Switch (118/120-Type, 3 Gang) (4x2) Black Colour","install","1","A1YMELEFIv7_2nOM_____w","","Wed Aug 05 2026 14:23:58 GMT+0700 (Indochina Time)"
"136","Smart Light Switch (118/120-Type, 3 Gang) (4x2) Black Colour","install","1","A1YMEJStV_7_nMVw_____w","","Wed Aug 05 2026 14:23:57 GMT+0700 (Indochina Time)"
"137","Smart Light Switch (118/120-Type, 3 Gang) (4x2) Black Colour","install","1","A1YMEI-TI_7_2nOM_____w","","Wed Aug 05 2026 14:23:57 GMT+0700 (Indochina Time)"
"138","Smart Light Switch (118/120-Type, 3 Gang) (4x2) Black Colour","install","1","A1YMEIWtV_7_nMVw_____w","","Wed Aug 05 2026 14:23:57 GMT+0700 (Indochina Time)"
"139","Smart Light Switch (118/120-Type, 2 Gang) (4x2) Black Color","install","1","A1cMEGnAbv7_R2go_____w","","Wed Aug 05 2026 14:23:16 GMT+0700 (Indochina Time)"
"140","Smart Light Switch (118/120-Type, 2 Gang) (4x2) Black Color","install","1","A1cMEBtdW_7_nMVw_____w","","Wed Aug 05 2026 14:23:16 GMT+0700 (Indochina Time)"
"141","Smart Light Switch (118/120-Type, 2 Gang) (4x2) Black Color","install","1","A1cMEO_RZf7_nMVw_____w","","Wed Aug 05 2026 14:23:15 GMT+0700 (Indochina Time)"
"142","Smart Light Switch (118/120-Type, 2 Gang) (4x2) Black Color","install","1","A1cMEFkwcP7_R2go_____w","","Wed Aug 05 2026 14:23:15 GMT+0700 (Indochina Time)"
"143","Smart Light Switch (118/120-Type, 2 Gang) (4x2) Black Color","install","1","A1cMEEdFcP7_R2go_____w","","Wed Aug 05 2026 14:23:15 GMT+0700 (Indochina Time)"
"144","Smart Light Switch (118/120-Type, 1 Gang) (4x2) Black Colour","install","1","A1gMEDY7XP7_nMVw_____w","","Wed Aug 05 2026 14:22:10 GMT+0700 (Indochina Time)"
"145","Smart Light Switch (118/120-Type, 1 Gang) (4x2) Black Colour","install","1","A1gMEHA-XP7_nMVw_____w","","Wed Aug 05 2026 14:22:10 GMT+0700 (Indochina Time)"
"146","Smart Light Switch (118/120-Type, 1 Gang) (4x2) Black Colour","install","1","A1gMEEN9I_7_2nOM_____w","","Wed Aug 05 2026 14:22:10 GMT+0700 (Indochina Time)"
"147","Smart Light Switch (118/120-Type, 1 Gang) (4x2) Black Colour","install","1","A1gMEBo-XP7_nMVw_____w","","Wed Aug 05 2026 14:22:09 GMT+0700 (Indochina Time)"
"148","Smart Light Switch (118/120-Type, 1 Gang) (4x2) Black Colour","install","1","A1gMEP46XP7_nMVw_____w","","Wed Aug 05 2026 14:22:09 GMT+0700 (Indochina Time)"
"149","Smart Light Switch (118/120-Type, 3 Gang) (4x2) White Colour","install","1","A1YMED45Zv7_nMVw_____w","","Wed Aug 05 2026 14:21:38 GMT+0700 (Indochina Time)"
"150","Smart Light Switch (118/120-Type, 3 Gang) (4x2) White Colour","install","1","A1YMEMnDZf7_nMVw_____w","","Wed Aug 05 2026 14:21:37 GMT+0700 (Indochina Time)"
"151","Smart Light Switch (118/120-Type, 3 Gang) (4x2) White Colour","install","1","A1YMEMHxcf7_Iv1s_____w","","Wed Aug 05 2026 14:21:37 GMT+0700 (Indochina Time)"
"152","Smart Light Switch (118/120-Type, 3 Gang) (4x2) White Colour","install","1","A1YMEKkqZv7_nMVw_____w","","Wed Aug 05 2026 14:21:37 GMT+0700 (Indochina Time)"
"153","Smart Light Switch (118/120-Type, 2 Gang) (4x2) White Colour","install","1","A1cMEKGUr_7_CR-Q_____w","","Wed Aug 05 2026 14:21:11 GMT+0700 (Indochina Time)"
"154","Smart Light Switch (118/120-Type, 2 Gang) (4x2) White Colour","install","1","A1cMEImar_7_CR-Q_____w","","Wed Aug 05 2026 14:21:11 GMT+0700 (Indochina Time)"
"155","Smart Light Switch (118/120-Type, 2 Gang) (4x2) White Colour","install","1","A1cMEGfZsP7_CR-Q_____w","","Wed Aug 05 2026 14:21:11 GMT+0700 (Indochina Time)"
"156","Smart Light Switch (118/120-Type, 2 Gang) (4x2) White Colour","install","1","A1cMEB6ur_7_CR-Q_____w","","Wed Aug 05 2026 14:21:10 GMT+0700 (Indochina Time)"
"157","Smart Light Switch (118/120-Type, 2 Gang) (4x2) White Colour","install","1","A1cMEHyMr_7_CR-Q_____w","","Wed Aug 05 2026 14:21:10 GMT+0700 (Indochina Time)"
"158","Smart Light Switch (118/120-Type, 1 Gang) (4x2) White Colour","install","1","A1gMEFjb7_7_Iv1s_____w","","Wed Aug 05 2026 14:20:44 GMT+0700 (Indochina Time)"
"159","Smart Light Switch (118/120-Type, 1 Gang) (4x2) White Colour","install","1","A1gMEM7e8v7_Iv1s_____w","","Wed Aug 05 2026 14:20:44 GMT+0700 (Indochina Time)"
"160","Smart Light Switch (118/120-Type, 1 Gang) (4x2) White Colour","install","1","A1gMENPX8v7_Iv1s_____w","","Wed Aug 05 2026 14:20:44 GMT+0700 (Indochina Time)"
"161","Smart Light Switch (118/120-Type, 1 Gang) (4x2) White Colour","install","1","A1gMEFni7_7_Iv1s_____w","","Wed Aug 05 2026 14:20:43 GMT+0700 (Indochina Time)"
"162","Motion Senser Pro","install","1","AxADEBwFjQEAAA02FQz__w","","Thu Jul 30 2026 14:14:42 GMT+0700 (Indochina Time)"
"163","Motion Senser Pro","install","1","AxADEBwFjQEAABEUSQz__w","","Thu Jul 30 2026 14:14:41 GMT+0700 (Indochina Time)"
"164","Motion Senser Pro","install","1","AxADELh8kgEAABQ_Dwz__w","","Thu Jul 30 2026 14:14:41 GMT+0700 (Indochina Time)"
"165","Motion Senser Pro","install","1","AxADECCtlQEAABI2Fwz__w","","Thu Jul 30 2026 14:14:41 GMT+0700 (Indochina Time)"
"166","Motion Senser Pro","install","1","AxADELh8kgEAAAZUJQz__w","","Thu Jul 30 2026 14:14:40 GMT+0700 (Indochina Time)"
"167","Camera Outdoor","install","1","BC340021BD30","","Thu Jul 30 2026 14:13:15 GMT+0700 (Indochina Time)"
"168","Camera Outdoor","install","1","BC340021B959","","Thu Jul 30 2026 14:13:15 GMT+0700 (Indochina Time)"
"169","Camera Outdoor","install","1","BC340021C4F3","","Thu Jul 30 2026 14:13:15 GMT+0700 (Indochina Time)"
"170","Camera Outdoor","install","1","BC340021C5DB","","Thu Jul 30 2026 14:13:14 GMT+0700 (Indochina Time)"
"171","New Indoor Camera (5MP)","install","1","61DE3BMPSF4F886","","Thu Jul 30 2026 14:12:21 GMT+0700 (Indochina Time)"
"172","New Indoor Camera (5MP)","install","1","61DE3BMPSF69D2A","","Thu Jul 30 2026 14:12:21 GMT+0700 (Indochina Time)"
"173","New Indoor Camera (5MP)","install","1","61DE3BMPSF81B7F","","Thu Jul 30 2026 14:12:21 GMT+0700 (Indochina Time)"
"174","New Indoor Camera (5MP)","install","1","61DE3BMPSF1C85E","","Thu Jul 30 2026 14:12:21 GMT+0700 (Indochina Time)"
"175","New Indoor Camera (5MP)","install","1","61DE3BMPSF23279","","Thu Jul 30 2026 14:12:20 GMT+0700 (Indochina Time)"
"176","Nature Switch (MATTE) (Black AG Glass - Gray 3 way)","install","1","9126C4W4LW","","Thu Jul 30 2026 14:11:09 GMT+0700 (Indochina Time)"
"177","Nature Switch (MATTE) (Black AG Glass - Gray 3 way)","install","1","9126C4W4LX","","Thu Jul 30 2026 14:11:09 GMT+0700 (Indochina Time)"
"178","A0135272 Gigabit Switching Hub 8 Port D-LINK DGS-F1010P-E (7Inch,8 POE,+2 Uplink)","install","1","RVEPEO1000785","","Thu Jul 30 2026 14:09:51 GMT+0700 (Indochina Time)"
"179","CUBE Switch Module Pro 3 way","free","2","","เพิ่มจำนวน","Mon Jul 27 2026 09:00:20 GMT+0700 (Indochina Time)"
"180","CUBE Switch Module Pro 3 way","free","2","","เพิ่มจำนวน","Mon Jul 27 2026 09:00:19 GMT+0700 (Indochina Time)"
"181","CUBE Switch Module 2 Way","free","2","","เพิ่มจำนวน","Mon Jul 27 2026 08:59:53 GMT+0700 (Indochina Time)"
"182","CUBE Switch Module 1 way","free","2","","เพิ่มจำนวน","Mon Jul 27 2026 08:59:32 GMT+0700 (Indochina Time)"
"183","MoonStone 1G WH","free","1","","เพิ่มจำนวน","Mon Jul 27 2026 08:56:31 GMT+0700 (Indochina Time)"
"184","MoonStone 3G BL","free","1","","เพิ่มจำนวน","Mon Jul 27 2026 08:56:01 GMT+0700 (Indochina Time)"
"185","CUBE Switch Module 2 Way","free","2","","เพิ่มจำนวน","Fri Jul 24 2026 14:18:53 GMT+0700 (Indochina Time)"
"186","CUBE Switch Module 2 Way","free","10","","เพิ่มจำนวน","Mon Jul 20 2026 14:42:54 GMT+0700 (Indochina Time)"
"187","CUBE Switch Module 1 way","free","10","","เพิ่มจำนวน","Mon Jul 20 2026 14:42:45 GMT+0700 (Indochina Time)"
"188","CUBE Switch Module Pro 3 way","free","10","","เพิ่มจำนวน","Mon Jul 20 2026 14:42:32 GMT+0700 (Indochina Time)"
"189","General Controller","free","2","","เพิ่มจำนวน","Mon Jul 20 2026 14:41:44 GMT+0700 (Indochina Time)"
"190","Camera Outdoor","free","1","","เพิ่มจำนวน","Mon Jul 20 2026 14:41:28 GMT+0700 (Indochina Time)"
"191","Indoor Camera","free","1","","เพิ่มจำนวน","Mon Jul 20 2026 14:41:21 GMT+0700 (Indochina Time)"
"192","Smart Station Zigbee","free","1","","","Mon Jul 20 2026 14:41:08 GMT+0700 (Indochina Time)"
"193","Cube Motion Sensor (White color)","free","3","","เพิ่มจำนวน","Mon Jul 20 2026 14:40:51 GMT+0700 (Indochina Time)"
"194","Cube Door/Window Sensor (White color)","free","10","","เพิ่มจำนวน","Mon Jul 20 2026 14:40:31 GMT+0700 (Indochina Time)"
"195","Camera Outdoor","free","2","","เพิ่มจำนวน","Sun Jul 19 2026 16:10:08 GMT+0700 (Indochina Time)"
"196","CUBE Switch Module 2 Way","free","1","","เพิ่มจำนวน","Fri Jul 17 2026 16:43:15 GMT+0700 (Indochina Time)"
"197","MoonStone 2G WH","free","1","","เพิ่มจำนวน","Fri Jul 17 2026 14:20:20 GMT+0700 (Indochina Time)"
"198","Camera Outdoor","free","1","","เพิ่มจำนวน","Fri Jul 17 2026 14:19:07 GMT+0700 (Indochina Time)"
"199","Cube Motion Sensor (White color)","free","5","","เพิ่มจำนวน","Tue Jul 14 2026 15:21:01 GMT+0700 (Indochina Time)"
"200","Cube Motion Sensor (White color)","free","5","","เพิ่มจำนวน","Tue Jul 14 2026 09:52:01 GMT+0700 (Indochina Time)"
"201","MoonStone 2G WH","free","1","","เพิ่มจำนวน","Thu Jul 09 2026 17:40:25 GMT+0700 (Indochina Time)"
"202","MoonStone 1G WH","free","1","","เพิ่มจำนวน","Thu Jul 09 2026 17:40:07 GMT+0700 (Indochina Time)"
"203","MoonStone 1G BL","free","1","","เพิ่มจำนวน","Thu Jul 09 2026 15:11:30 GMT+0700 (Indochina Time)"
"204","Nature Dimmer (0-10V)(Gray Frame - Black AG Glass)","free","1","","เพิ่มจำนวน","Thu Jul 09 2026 09:34:36 GMT+0700 (Indochina Time)"
"205","MoonStone 3G BL","free","1","","เพิ่มจำนวน","Wed Jul 08 2026 14:00:39 GMT+0700 (Indochina Time)"
"206","MoonStone 2G BL","free","1","","เพิ่มจำนวน","Wed Jul 08 2026 14:00:15 GMT+0700 (Indochina Time)"
"207","MoonStone 1G BL","free","2","","เพิ่มจำนวน","Wed Jul 08 2026 13:59:33 GMT+0700 (Indochina Time)"
"208","MoonStone 1G BL","free","2","","เพิ่มจำนวน","Tue Jul 07 2026 16:16:16 GMT+0700 (Indochina Time)"
"209","Cube Door/Window Sensor (White color)","free","1","","เพิ่มจำนวน","Tue Jul 07 2026 16:06:36 GMT+0700 (Indochina Time)"
"210","Zigbee 1G WH","free","5","","เพิ่มจำนวน","Tue Jul 07 2026 14:39:08 GMT+0700 (Indochina Time)"
"211","Indoor Camera 1080P","free","2","","เพิ่มจำนวน","Mon Jul 06 2026 14:16:58 GMT+0700 (Indochina Time)"
"212","Camera Outdoor","free","1","","เพิ่มจำนวน","Mon Jul 06 2026 14:16:36 GMT+0700 (Indochina Time)"
"213","Smart Station","free","1","","เพิ่มจำนวน","Mon Jul 06 2026 14:16:10 GMT+0700 (Indochina Time)"
"214","Smart Station Pro","free","1","","เพิ่มจำนวน","Mon Jul 06 2026 14:15:52 GMT+0700 (Indochina Time)"
"215","Smart Station","free","1","","เพิ่มจำนวน","Mon Jul 06 2026 14:14:48 GMT+0700 (Indochina Time)"
"216","Smart Station","free","1","","เพิ่มจำนวน","Mon Jul 06 2026 14:14:47 GMT+0700 (Indochina Time)"
"217","Cube Door/Window Sensor (White color)","free","1","","เพิ่มจำนวน","Mon Jul 06 2026 14:01:46 GMT+0700 (Indochina Time)"
"218","Smart Station","free","1","","เพิ่มจำนวน","Fri Jul 03 2026 15:36:03 GMT+0700 (Indochina Time)"
"219","Indoor Camera 1080P","free","1","","เพิ่มจำนวน","Thu Jul 02 2026 17:56:52 GMT+0700 (Indochina Time)"
"220","MoonStone 3G BL","free","2","","เพิ่มจำนวน","Thu Jul 02 2026 17:56:21 GMT+0700 (Indochina Time)"
"221","MoonStone 1G BL","free","3","","เพิ่มจำนวน","Thu Jul 02 2026 17:56:05 GMT+0700 (Indochina Time)"
"222","Smart Door Lock C100","free","2","","","Thu Jul 02 2026 17:26:27 GMT+0700 (Indochina Time)"
"223","Smart doorlock C200 black","free","7","","","Thu Jul 02 2026 17:26:01 GMT+0700 (Indochina Time)"
"224","Camera Outdoor","free","2","","เพิ่มจำนวน","Thu Jul 02 2026 17:25:16 GMT+0700 (Indochina Time)"
"225","DEFED Indoor Siren","free","2","","เพิ่มจำนวน","Wed Jul 01 2026 17:00:33 GMT+0700 (Indochina Time)"
"226","Smart Siren","free","1","","เพิ่มจำนวน","Wed Jul 01 2026 16:52:49 GMT+0700 (Indochina Time)"
"227","Zigbee 2G WH","free","1","","เพิ่มจำนวน","Wed Jul 01 2026 16:48:59 GMT+0700 (Indochina Time)"
"228","Zigbee 2G WH","free","1","","เพิ่มจำนวน","Wed Jul 01 2026 16:48:35 GMT+0700 (Indochina Time)"
"229","Zigbee 1G WH","free","6","","เพิ่มจำนวน","Wed Jul 01 2026 16:48:12 GMT+0700 (Indochina Time)"
"230","Smart Station","free","1","","เพิ่มจำนวน","Wed Jul 01 2026 16:46:28 GMT+0700 (Indochina Time)"
"231","Smart Station","free","1","","เพิ่มจำนวน","Wed Jul 01 2026 16:46:26 GMT+0700 (Indochina Time)"
"232","CUBE Switch Module 1 way","free","2","","เพิ่มจำนวน","Wed Jul 01 2026 16:24:09 GMT+0700 (Indochina Time)"
"233","General Controller","free","2","","เพิ่มจำนวน","Wed Jul 01 2026 16:23:42 GMT+0700 (Indochina Time)"
"234","Zigbee Door and window sensor","free","7","","เพิ่มจำนวน","Wed Jul 01 2026 16:11:41 GMT+0700 (Indochina Time)"
"235","Light Strip Controller","free","4","","เพิ่มจำนวน","Wed Jul 01 2026 13:52:03 GMT+0700 (Indochina Time)"
"236","Zigbee 3G WH","free","3","","เพิ่มจำนวน","Tue Jun 30 2026 15:11:32 GMT+0700 (Indochina Time)"
"237","Zigbee 1G BL","free","5","","","Tue Jun 30 2026 15:10:50 GMT+0700 (Indochina Time)"
"238","Zigbee 1G WH","free","5","","เพิ่มจำนวน","Tue Jun 30 2026 15:10:26 GMT+0700 (Indochina Time)"
"239","Zigbee 2G WH","free","10","","เพิ่มจำนวน","Tue Jun 30 2026 13:51:52 GMT+0700 (Indochina Time)"
"240","MoonStone 3G BL","free","3","","เพิ่มจำนวน","Tue Jun 30 2026 13:39:32 GMT+0700 (Indochina Time)"
"241","MoonStone 1G WH","free","2","","เพิ่มจำนวน","Tue Jun 30 2026 13:39:07 GMT+0700 (Indochina Time)"
"242","MoonStone 2G WH","free","1","","เพิ่มจำนวน","Tue Jun 30 2026 13:38:44 GMT+0700 (Indochina Time)"
"243","MoonStone 2G WH","free","1","","เพิ่มจำนวน","Tue Jun 30 2026 13:38:43 GMT+0700 (Indochina Time)"
"244","Moonstone","free","3","","","Tue Jun 30 2026 13:37:53 GMT+0700 (Indochina Time)"
"245","Smart Light Switch","free","3","","","Tue Jun 30 2026 13:35:43 GMT+0700 (Indochina Time)"
"246","Nature 7 Pro","free","1","","เพิ่มจำนวน","Tue Jun 30 2026 13:33:56 GMT+0700 (Indochina Time)"
"247","Smoke Sensor ( Zigbee )","service","1","","เพิ่มจำนวน","Mon Jun 29 2026 09:40:38 GMT+0700 (Indochina Time)"
"248","Smoke Sensor ( Zigbee )","service","1","110116912407000027","","Mon Jun 29 2026 09:40:37 GMT+0700 (Indochina Time)"
"249","DEFED Indoor Siren","free","1","","เพิ่มจำนวน","Mon Jun 29 2026 09:36:27 GMT+0700 (Indochina Time)"
"250","General Controller","free","1","","เพิ่มจำนวน","Mon Jun 29 2026 09:32:03 GMT+0700 (Indochina Time)"
"251","Cube Door/Window Sensor (White color)","free","7","","เพิ่มจำนวน","Mon Jun 29 2026 09:31:24 GMT+0700 (Indochina Time)"
"252","Polar switch(3 gang)","free","4","","เพิ่มจำนวน","Mon Jun 29 2026 09:30:15 GMT+0700 (Indochina Time)"
"253","Camera Outdoor","free","1","","เพิ่มจำนวน","Mon Jun 29 2026 09:28:59 GMT+0700 (Indochina Time)"
"254","Indoor Camera","free","2","","เพิ่มจำนวน","Mon Jun 29 2026 09:28:16 GMT+0700 (Indochina Time)"
"255","Polar switch(3 gang)","service","1","92135C00CF","","Mon Jun 29 2026 09:23:34 GMT+0700 (Indochina Time)"
"256","Polar switch(3 gang)","service","1","92135C00B9","","Mon Jun 29 2026 09:23:34 GMT+0700 (Indochina Time)"
"257","Polar switch(3 gang)","service","1","92135C0525","","Mon Jun 29 2026 09:23:33 GMT+0700 (Indochina Time)"
"258","Nature 7 Pro","free","1","","เพิ่มจำนวน","Fri Jun 26 2026 16:56:06 GMT+0700 (Indochina Time)"
"259","Motion Senseo Pro","free","1","","","Fri Jun 26 2026 16:55:26 GMT+0700 (Indochina Time)"
"260","General Controller","free","1","","เพิ่มจำนวน","Fri Jun 26 2026 16:54:41 GMT+0700 (Indochina Time)"
"261","DEFED Door/Window Sensor","free","1","","เพิ่มจำนวน","Fri Jun 26 2026 16:54:26 GMT+0700 (Indochina Time)"
"262","Camera Outdoor","free","11","","เพิ่มจำนวน","Fri Jun 26 2026 14:40:16 GMT+0700 (Indochina Time)"
"263","Camera Outdoor","free","11","","เพิ่มจำนวน","Fri Jun 26 2026 14:40:14 GMT+0700 (Indochina Time)"
"264","Indoor Camera","free","3","","เพิ่มจำนวน","Fri Jun 26 2026 14:39:56 GMT+0700 (Indochina Time)"
"265","Smart Station","free","2","","เพิ่มจำนวน","Fri Jun 26 2026 13:09:00 GMT+0700 (Indochina Time)"
"266","Smart Siren","free","1","","เพิ่มจำนวน","Fri Jun 26 2026 13:08:08 GMT+0700 (Indochina Time)"
"267","Smart Siren","free","1","","เพิ่มจำนวน","Fri Jun 26 2026 13:07:38 GMT+0700 (Indochina Time)"
"268","Camera Outdoor","free","1","","เพิ่มจำนวน","Fri Jun 26 2026 13:06:10 GMT+0700 (Indochina Time)"
"269","Camera Outdoor","free","1","","เพิ่มจำนวน","Fri Jun 26 2026 13:06:10 GMT+0700 (Indochina Time)"
"270","Camera Outdoor","free","1","","เพิ่มจำนวน","Fri Jun 26 2026 13:06:09 GMT+0700 (Indochina Time)"
"271","Tubular Motor (Single Phase)","free","2","","","Thu Jun 25 2026 14:20:55 GMT+0700 (Indochina Time)"
"272","CUBE Switch Module Pro 3 way","free","1","","เพิ่มจำนวน","Thu Jun 25 2026 13:36:28 GMT+0700 (Indochina Time)"
"273","CUBE Switch Module 1 way","free","1","","เพิ่มจำนวน","Thu Jun 25 2026 13:36:13 GMT+0700 (Indochina Time)"
"274","General Controller","free","1","","เพิ่มจำนวน","Thu Jun 25 2026 13:19:59 GMT+0700 (Indochina Time)"
"275","Starry 3G BL","free","1","","เพิ่มจำนวน","Thu Jun 25 2026 13:14:36 GMT+0700 (Indochina Time)"
"276","Polar switch(3 gang)","free","1","","เพิ่มจำนวน","Thu Jun 25 2026 13:06:35 GMT+0700 (Indochina Time)"
"277","Nature Switch (MATTE) (White AG Glass - White 2 way) : Nature Switch (MATTE) (White AG Glass - White 2 way)","free","2","","","Thu Jun 25 2026 12:55:43 GMT+0700 (Indochina Time)"
"278","Nature Switch (MATTE) (White AG Glass - White 2 way) : Nature Switch (MATTE) (White AG Glass - White 2 way)","free","1","","เพิ่มจำนวน","Thu Jun 25 2026 12:54:14 GMT+0700 (Indochina Time)"
"279","MoonStone 3G WH","free","1","","เพิ่มจำนวน","Thu Jun 25 2026 12:50:09 GMT+0700 (Indochina Time)"
"280","DEFED Door/Window Sensor","free","1","","เพิ่มจำนวน","Thu Jun 25 2026 12:47:10 GMT+0700 (Indochina Time)"
"281","MoonStone 1G WH","free","1","","เพิ่มจำนวน","Thu Jun 25 2026 12:27:45 GMT+0700 (Indochina Time)"
"282","Smoke Sensor ( Zigbee )","free","1","","เพิ่มจำนวน","Thu Jun 25 2026 12:24:09 GMT+0700 (Indochina Time)"
"283","Smart Siren","free","2","","เพิ่มจำนวน","Thu Jun 25 2026 12:19:44 GMT+0700 (Indochina Time)"
"284","Cube Door/Window Sensor (White color)","free","1","","เพิ่มจำนวน","Thu Jun 25 2026 11:45:22 GMT+0700 (Indochina Time)"
"285","Cube Door/Window Sensor (White color)","free","1","","เพิ่มจำนวน","Thu Jun 25 2026 11:12:08 GMT+0700 (Indochina Time)"
"286","Indoor Camera","free","1","","เพิ่มจำนวน","Thu Jun 25 2026 11:09:03 GMT+0700 (Indochina Time)"
"287","Indoor Camera","free","2","","เพิ่มจำนวน","Thu Jun 25 2026 11:00:54 GMT+0700 (Indochina Time)"
"288","Camera Outdoor","free","1","","เพิ่มจำนวน","Thu Jun 25 2026 11:00:27 GMT+0700 (Indochina Time)"
"289","Indoor Camera 1080P","free","1","","เพิ่มจำนวน","Thu Jun 25 2026 10:59:27 GMT+0700 (Indochina Time)"
"290","Cube Door/Window Sensor (White color)","free","2","","เพิ่มจำนวน","Thu Jun 25 2026 10:26:56 GMT+0700 (Indochina Time)"
"291","Camera Outdoor","free","1","","เพิ่มจำนวน","Thu Jun 25 2026 10:04:52 GMT+0700 (Indochina Time)"
"292","CUBE Switch Module 2 Way","free","1","","เพิ่มจำนวน","Thu Jun 25 2026 09:59:16 GMT+0700 (Indochina Time)"
"293","Dimmer & Motion Sensor Switch","free","1","","เพิ่มจำนวน","Wed Jun 24 2026 16:55:53 GMT+0700 (Indochina Time)"
"294","Light Strip Controller","free","1","","เพิ่มจำนวน","Wed Jun 24 2026 16:55:26 GMT+0700 (Indochina Time)"
"295","Indoor Camera","free","1","","เพิ่มจำนวน","Wed Jun 24 2026 11:32:31 GMT+0700 (Indochina Time)"
"296","Door bell Akuvok","free","1","","","Tue Jun 23 2026 15:47:41 GMT+0700 (Indochina Time)"
"297","Monitor video door phone Akuvok with Bluetooth-Wifi","free","1","","","Tue Jun 23 2026 15:43:26 GMT+0700 (Indochina Time)"
"298","Monitor video door phone Akuvok","free","1","","","Tue Jun 23 2026 15:42:49 GMT+0700 (Indochina Time)"
"299","Nature Switch (MATTE) (Black AG Glass - White 1 way) : Nature Switch (MATTE) (Black AG Glass - White 1 way)","free","2","","เพิ่มจำนวน","Tue Jun 23 2026 15:39:13 GMT+0700 (Indochina Time)"
"300","Nature Mini (Grey 1 Way)","free","1","","","Tue Jun 23 2026 15:37:24 GMT+0700 (Indochina Time)"
"301","Nature Mini (Grey 2 Way)","free","1","","เพิ่มจำนวน","Tue Jun 23 2026 15:36:49 GMT+0700 (Indochina Time)"
"302","Nature Mini (Grey 2 Way)","free","1","","","Tue Jun 23 2026 15:36:04 GMT+0700 (Indochina Time)"
"303","Nature Switch (Black Glass 2 way)","free","1","","เพิ่มจำนวน","Tue Jun 23 2026 15:35:27 GMT+0700 (Indochina Time)"
"304","Nature Switch (White Glass 1 way)","free","2","","เพิ่มจำนวน","Tue Jun 23 2026 15:34:15 GMT+0700 (Indochina Time)"
"305","BLEND Switch PRO (Gray 1 way)","free","1","","เพิ่มจำนวน","Tue Jun 23 2026 15:33:09 GMT+0700 (Indochina Time)"
"306","Nature Mini Pro 3G","free","3","","เพิ่มจำนวน","Tue Jun 23 2026 15:32:38 GMT+0700 (Indochina Time)"
"307","Nature Switch (Black Glass 2 way)","free","1","","","Tue Jun 23 2026 15:31:01 GMT+0700 (Indochina Time)"
"308","Nature Switch (White Glass 3 way)","free","2","","","Tue Jun 23 2026 15:30:30 GMT+0700 (Indochina Time)"
"309","Nature Switch (White Glass 1 way)","free","2","","","Tue Jun 23 2026 15:28:38 GMT+0700 (Indochina Time)"
"310","Nature Switch (MATTE) (Black AG Glass - White 1 way) : Nature Switch (MATTE) (Black AG Glass - White 1 way)","free","2","","","Tue Jun 23 2026 15:27:43 GMT+0700 (Indochina Time)"
"311","Nature Switch (Black Glass + Grey 1 Way)","free","11","","","Tue Jun 23 2026 15:27:10 GMT+0700 (Indochina Time)"
"312","General Controller","free","1","","เพิ่มจำนวน","Tue Jun 23 2026 15:26:23 GMT+0700 (Indochina Time)"
"313","MoonStone 1G WH","free","1","","เพิ่มจำนวน","Tue Jun 23 2026 15:26:04 GMT+0700 (Indochina Time)"
"314","MoonStone 2G WH","free","1","","เพิ่มจำนวน","Tue Jun 23 2026 15:25:51 GMT+0700 (Indochina Time)"
"315","MoonStone 1G BL","free","1","","เพิ่มจำนวน","Tue Jun 23 2026 15:25:37 GMT+0700 (Indochina Time)"
"316","MoonStone 2G BL","free","1","","เพิ่มจำนวน","Tue Jun 23 2026 15:25:21 GMT+0700 (Indochina Time)"
"317","Cube Clicker (White color)","free","1","","","Tue Jun 23 2026 15:24:00 GMT+0700 (Indochina Time)"
"318","Spot Mini","free","1","","เพิ่มจำนวน","Tue Jun 23 2026 15:23:14 GMT+0700 (Indochina Time)"
"319","Test1","free","1","","เพิ่มจำนวน","Tue Jun 23 2026 14:12:12 GMT+0700 (Indochina Time)"
"320","Smart Station","free","1","","เพิ่มจำนวน","Tue Jun 23 2026 13:26:20 GMT+0700 (Indochina Time)"
"321","Smart In-wall Plug (Zigbee Vietnam)","free","3","","","Tue Jun 23 2026 13:19:14 GMT+0700 (Indochina Time)"
"322","General Controller","free","1","","เพิ่มจำนวน","Tue Jun 23 2026 13:18:09 GMT+0700 (Indochina Time)"
"323","CUBE Switch Module 1 way","free","1","","เพิ่มจำนวน","Tue Jun 23 2026 13:17:43 GMT+0700 (Indochina Time)"
"324","Camera Outdoor","free","4","","เพิ่มจำนวน","Tue Jun 23 2026 13:17:06 GMT+0700 (Indochina Time)"
"325","Indoor Camera","free","2","","เพิ่มจำนวน","Tue Jun 23 2026 13:16:39 GMT+0700 (Indochina Time)"
"326","Gas Sensor","free","1","","","Tue Jun 23 2026 13:15:46 GMT+0700 (Indochina Time)"
"327","Human Presence Sensor (ZigBee)","free","1","","","Tue Jun 23 2026 13:15:05 GMT+0700 (Indochina Time)"
"328","Light Strip (2meters)","free","1","","","Tue Jun 23 2026 13:14:28 GMT+0700 (Indochina Time)"
"329","Light Strip Controller","free","6","","เพิ่มจำนวน","Tue Jun 23 2026 13:13:59 GMT+0700 (Indochina Time)"
"330","General Controller","free","8","","เพิ่มจำนวน","Tue Jun 23 2026 13:12:36 GMT+0700 (Indochina Time)"
"331","CUBE Switch Module 1 way","free","1","","เพิ่มจำนวน","Tue Jun 23 2026 13:12:02 GMT+0700 (Indochina Time)"
"332","CUBE Switch Module Pro 3 way","free","18","","","Tue Jun 23 2026 13:10:12 GMT+0700 (Indochina Time)"
"333","CUBE Switch Module 2 Way","free","8","","เพิ่มจำนวน","Tue Jun 23 2026 13:09:51 GMT+0700 (Indochina Time)"
"334","CUBE Switch Module 1 way","free","7","","เพิ่มจำนวน","Tue Jun 23 2026 13:08:52 GMT+0700 (Indochina Time)"
"335","Cube Door/Window Sensor (White color)","free","1","","เพิ่มจำนวน","Tue Jun 23 2026 13:06:52 GMT+0700 (Indochina Time)"
"336","Nature Mini Pro 3G","free","1","","เพิ่มจำนวน","Tue Jun 23 2026 13:04:48 GMT+0700 (Indochina Time)"
"337","Nature Mini L 3G","free","1","","เพิ่มจำนวน","Tue Jun 23 2026 11:00:05 GMT+0700 (Indochina Time)"
"338","Polar switch(3 gang)","free","3","","","Tue Jun 23 2026 10:59:31 GMT+0700 (Indochina Time)"
"339","Nature Switch (MATTE) (White AG Glass - White 3 way) : Nature Switch (MATTE) (White AG Glass - White 3 way)","free","1","","","Tue Jun 23 2026 10:58:38 GMT+0700 (Indochina Time)"
"340","Cube Motion Sensor (White color)","free","6","","เพิ่มจำนวน","Tue Jun 23 2026 10:57:02 GMT+0700 (Indochina Time)"
"341","Cube Door/Window Sensor (White color)","free","22","","เพิ่มจำนวน","Tue Jun 23 2026 10:55:52 GMT+0700 (Indochina Time)"
"342","Smart Station","free","42","","","Tue Jun 23 2026 10:53:08 GMT+0700 (Indochina Time)"
"343","Smart Station Zigbee","free","11","","","Tue Jun 23 2026 10:45:54 GMT+0700 (Indochina Time)"
"344","Test1","free","1","","","Tue Jun 23 2026 10:33:43 GMT+0700 (Indochina Time)"
"345","Test1","free","1","","","Tue Jun 23 2026 08:49:44 GMT+0700 (Indochina Time)"
"346","Smoke Sensor ( Zigbee )","free","1","","","Tue Jun 23 2026 08:46:49 GMT+0700 (Indochina Time)"
"347","General Controller","free","22","","","Mon Jun 22 2026 17:47:53 GMT+0700 (Indochina Time)"
"348","Light Strip Controller","free","11","","","Mon Jun 22 2026 17:46:53 GMT+0700 (Indochina Time)"
"349","Cube Motion Sensor (White color)","free","2","","","Mon Jun 22 2026 17:45:18 GMT+0700 (Indochina Time)"
"350","Motion Senser Pro","free","7","","","Mon Jun 22 2026 17:42:36 GMT+0700 (Indochina Time)"
"351","Smoke Sensor ( Zigbee )","free","1","","","Mon Jun 22 2026 17:41:32 GMT+0700 (Indochina Time)"
"352","DEFED Indoor Siren","free","2","","","Mon Jun 22 2026 17:40:54 GMT+0700 (Indochina Time)"
"353","Nature 7 Pro","free","2","","","Mon Jun 22 2026 17:39:59 GMT+0700 (Indochina Time)"
"354","Smart Siren","free","7","","","Mon Jun 22 2026 17:39:11 GMT+0700 (Indochina Time)"
"355","CUBE Switch Module, Pro 3 way","free","12","","","Mon Jun 22 2026 17:20:13 GMT+0700 (Indochina Time)"
"356","CUBE Switch Module 2 Way","free","9","","","Mon Jun 22 2026 17:19:41 GMT+0700 (Indochina Time)"
"357","CUBE Switch Module 1 way","free","20","","","Mon Jun 22 2026 17:18:23 GMT+0700 (Indochina Time)"
"358","Nature Dimmer (0-10V)(Gray Frame - Black AG Glass)","free","1","","","Mon Jun 22 2026 17:15:40 GMT+0700 (Indochina Time)"
"359","Cube Clicker (Wood grain)","free","1","","","Mon Jun 22 2026 17:15:11 GMT+0700 (Indochina Time)"
"360","Cube Door/Window Sensor (White color)","free","103","","","Mon Jun 22 2026 17:14:23 GMT+0700 (Indochina Time)"
"361","Universial remote Control (Spot) CoSS","free","1","","","Mon Jun 22 2026 17:08:44 GMT+0700 (Indochina Time)"
"362","Spot Mini","free","2","","","Mon Jun 22 2026 17:07:21 GMT+0700 (Indochina Time)"
"363","DEFED Door/Window Sensor","free","3","","","Mon Jun 22 2026 17:06:46 GMT+0700 (Indochina Time)"
"364","Dimmer & Motion Sensor Switch","free","11","","","Mon Jun 22 2026 17:06:14 GMT+0700 (Indochina Time)"
"365","Nature Switch (MATTE) (Black AG Glass - White 3 way) : Nature Switch (MATTE) (Black AG Glass - White 3 way)","free","1","","","Mon Jun 22 2026 17:02:41 GMT+0700 (Indochina Time)"
"366","Nature Switch (MATTE) (White AG Glass - White 2 way) : Nature Switch (MATTE) (White AG Glass - White 2 way)","free","1","","","Mon Jun 22 2026 17:02:02 GMT+0700 (Indochina Time)"
"367","Moonstone switch 1way (Black color)","free","1","","","Mon Jun 22 2026 17:01:33 GMT+0700 (Indochina Time)"
"368","Moonstone Switch 3 way (White Color","free","1","","","Mon Jun 22 2026 17:00:55 GMT+0700 (Indochina Time)"
"369","BLEND Switch PRO (White 2 way)","free","2","","","Mon Jun 22 2026 16:58:16 GMT+0700 (Indochina Time)"
"370","BLEND Switch PRO (White 1 way)","free","1","","","Mon Jun 22 2026 16:56:06 GMT+0700 (Indochina Time)"
"371","BLEND Switch PRO (White 3 way)","free","1","","","Mon Jun 22 2026 16:55:38 GMT+0700 (Indochina Time)"
"372","BLEND Switch PRO (Gray 1 way)","free","3","","","Mon Jun 22 2026 16:52:29 GMT+0700 (Indochina Time)"
"373","BLEND Switch PRO (Gray 3 way)","free","4","","","Mon Jun 22 2026 16:48:39 GMT+0700 (Indochina Time)"
"374","BLEND Switch PRO (Gray 2 way)","free","4","","","Mon Jun 22 2026 16:47:59 GMT+0700 (Indochina Time)"
"375","Nature Mini Pro 3G","free","3","","","Mon Jun 22 2026 16:46:51 GMT+0700 (Indochina Time)"
"376","Stellar Switch 3 way (Gold Color)","free","1","","","Mon Jun 22 2026 16:36:59 GMT+0700 (Indochina Time)"
"377","Starry 2G WH","free","4","","","Mon Jun 22 2026 16:35:27 GMT+0700 (Indochina Time)"
"378","Starry 3G WH","free","3","","","Mon Jun 22 2026 16:34:58 GMT+0700 (Indochina Time)"
"379","Starry 1G BL","free","3","","","Mon Jun 22 2026 16:34:00 GMT+0700 (Indochina Time)"
"380","Starry 3G BL","free","4","","","Mon Jun 22 2026 16:33:14 GMT+0700 (Indochina Time)"
"381","Starry 1G WH","free","1","","","Mon Jun 22 2026 16:32:47 GMT+0700 (Indochina Time)"
"382","Starry 2G BL","free","3","","","Mon Jun 22 2026 16:31:38 GMT+0700 (Indochina Time)"
"383","Smart Station Pro","free","5","","","Mon Jun 22 2026 16:09:12 GMT+0700 (Indochina Time)"
"384","Smart Station","free","31","","","Mon Jun 22 2026 16:08:11 GMT+0700 (Indochina Time)"
"385","DEFED Smart Station","free","3","","","Mon Jun 22 2026 16:04:12 GMT+0700 (Indochina Time)"
"386","Indoor Camera","free","14","","","Mon Jun 22 2026 16:01:33 GMT+0700 (Indochina Time)"
"387","Indoor Camera 1080P","free","7","","","Mon Jun 22 2026 15:55:40 GMT+0700 (Indochina Time)"
"388","Camera Outdoor","free","17","","","Mon Jun 22 2026 15:54:18 GMT+0700 (Indochina Time)"
"389","Zigbee 3G WH","free","8","","","Mon Jun 22 2026 15:51:11 GMT+0700 (Indochina Time)"
"390","Zigbee Door and window sensor","free","15","","","Mon Jun 22 2026 15:48:23 GMT+0700 (Indochina Time)"
"391","MoonStone2G WH","free","9","","","Mon Jun 22 2026 15:42:38 GMT+0700 (Indochina Time)"
"392","MoonStone 3G BL","service","1","A1YMEF5UXP7_nMVw_____w","","Mon Jun 22 2026 15:35:11 GMT+0700 (Indochina Time)"
"393","MoonStone 3G BL","service","1","A1YMENqKI_7_2nOM_____w","","Mon Jun 22 2026 15:35:11 GMT+0700 (Indochina Time)"
"394","MoonStone 3G BL","service","1","A1YMEMtOXP7_nMVw_____w","","Mon Jun 22 2026 15:35:11 GMT+0700 (Indochina Time)"
"395","MoonStone 3G BL","service","1","A1YMEIBOXP7_nMVw_____w","","Mon Jun 22 2026 15:35:11 GMT+0700 (Indochina Time)"
"396","Zigbee Door and window sensor","service","1","660005014","","Mon Jun 22 2026 15:34:28 GMT+0700 (Indochina Time)"
"397","Zigbee Door and window sensor","service","1","660005016","","Mon Jun 22 2026 15:34:28 GMT+0700 (Indochina Time)"
"398","Zigbee Door and window sensor","service","1","660005119","","Mon Jun 22 2026 15:34:27 GMT+0700 (Indochina Time)"
"399","Zigbee Door and window sensor","service","1","660005091","","Mon Jun 22 2026 15:34:27 GMT+0700 (Indochina Time)"
"400","Zigbee Door and window sensor","service","1","660005117","","Mon Jun 22 2026 15:34:27 GMT+0700 (Indochina Time)"
"401","Zigbee Door and window sensor","service","1","660005058","","Mon Jun 22 2026 15:34:26 GMT+0700 (Indochina Time)"
"402","Spot Mini","service","1","A-UAAGwzkQEAAAEKPAz__w","","Mon Jun 22 2026 15:33:25 GMT+0700 (Indochina Time)"
"403","Smart Station Zigbee","service","1","BC34002917A9","","Mon Jun 22 2026 15:32:15 GMT+0700 (Indochina Time)"
"404","Smart Station Zigbee","service","1","BC340029179F","","Mon Jun 22 2026 15:32:15 GMT+0700 (Indochina Time)"
"405","Blend curtain switch white","service","1","9263N07B93","","Mon Jun 22 2026 15:31:30 GMT+0700 (Indochina Time)"
"406","Cube Clicker (White color)","service","1","AzcMELh8kgEAABRJLAz__w","","Mon Jun 22 2026 15:30:47 GMT+0700 (Indochina Time)"
"407","Cube Clicker (White color)","service","1","AzcMEDT4gQEAAAVbOQz__w","","Mon Jun 22 2026 15:30:47 GMT+0700 (Indochina Time)"
"408","Cube Clicker (White color)","service","1","AzcMELh8kgEAABRMFQz__w","","Mon Jun 22 2026 15:30:46 GMT+0700 (Indochina Time)"
"409","Cube Clicker (White color)","service","1","AzcMELh8kgEAAA9LOAz__w","","Mon Jun 22 2026 15:30:46 GMT+0700 (Indochina Time)"
"410","Cube Clicker (White color)","service","1","AzcMELh8kgEAABRNJwz__w","","Mon Jun 22 2026 15:30:46 GMT+0700 (Indochina Time)"
"411","Cube Clicker (White color)","service","1","AzcMELh8kgEAAA9OPwz__w","","Mon Jun 22 2026 15:30:45 GMT+0700 (Indochina Time)"
"412","Cube Clicker (White color)","service","1","AzcMELh8kgEAABRKNQz__w","","Mon Jun 22 2026 15:30:45 GMT+0700 (Indochina Time)"
"413","General Controller","service","1","68000367","","Mon Jun 22 2026 15:29:45 GMT+0700 (Indochina Time)"
"414","General Controller","service","1","68000366","","Mon Jun 22 2026 15:29:44 GMT+0700 (Indochina Time)"
"415","General Controller","service","1","2004C8760864","","Mon Jun 22 2026 15:29:44 GMT+0700 (Indochina Time)"
"416","General Controller","service","1","68000361","","Mon Jun 22 2026 15:29:44 GMT+0700 (Indochina Time)"
"417","General Controller","service","1","68000363","","Mon Jun 22 2026 15:29:44 GMT+0700 (Indochina Time)"
"418","General Controller","service","1","68000359","","Mon Jun 22 2026 15:29:43 GMT+0700 (Indochina Time)"
"419","General Controller","service","1","68000345","","Mon Jun 22 2026 15:29:43 GMT+0700 (Indochina Time)"
"420","General Controller","service","1","68000365","","Mon Jun 22 2026 15:29:43 GMT+0700 (Indochina Time)"
"421","General Controller","service","1","68000364","","Mon Jun 22 2026 15:29:42 GMT+0700 (Indochina Time)"
"422","General Controller","service","1","68000368","","Mon Jun 22 2026 15:29:42 GMT+0700 (Indochina Time)"
"423","General Controller","service","1","68000362","","Mon Jun 22 2026 15:29:42 GMT+0700 (Indochina Time)"
"424","Motion Senser Pro","service","1","AxADEPADjQEAAApGFAz__w","","Mon Jun 22 2026 15:27:08 GMT+0700 (Indochina Time)"
"425","Motion Senser Pro","service","1","AxADEBwFjQEAAA0fJgz__w","","Mon Jun 22 2026 15:27:08 GMT+0700 (Indochina Time)"
"426","Motion Senser Pro","service","1","AxADEBwFjQEAAA0WJAz__w","","Mon Jun 22 2026 15:27:08 GMT+0700 (Indochina Time)"
"427","Motion Senser Pro","service","1","AxADEPBPkQEAABIbSQz__w","","Mon Jun 22 2026 15:27:07 GMT+0700 (Indochina Time)"
"428","Motion Senser Pro","service","1","AxADEBwFjQEAAAwHKQz__w","","Mon Jun 22 2026 15:27:07 GMT+0700 (Indochina Time)"
"429","Motion Senser Pro","service","1","AxADEPADjQEAAAoTFgz__w","","Mon Jun 22 2026 15:27:07 GMT+0700 (Indochina Time)"
"430","Motion Senser Pro","service","1","AxADEBwFjQEAAAw3Jwz__w","","Mon Jun 22 2026 15:27:06 GMT+0700 (Indochina Time)"
"431","Motion Senser Pro","service","1","AxADEBwFjQEAAAwRJgz__w","","Mon Jun 22 2026 15:27:06 GMT+0700 (Indochina Time)"
"432","Motion Senser Pro","service","1","AxADEBwFjQEAAA1EIwz__w","","Mon Jun 22 2026 15:27:06 GMT+0700 (Indochina Time)"
"433","Motion Senser Pro","service","1","AxADEBwFjQEAAA04JQz__w","","Mon Jun 22 2026 15:27:06 GMT+0700 (Indochina Time)"
"434","Motion Senser Pro","service","1","AxADEBwFjQEAAA05Hwz__w","","Mon Jun 22 2026 15:27:05 GMT+0700 (Indochina Time)"
"435","Motion Senser Pro","service","1","AxADEPADjQEAAAtREgz__w","","Mon Jun 22 2026 15:27:05 GMT+0700 (Indochina Time)"
"436","Polar Switch 1G","service","1","92135C00CF","","Mon Jun 22 2026 15:23:37 GMT+0700 (Indochina Time)"
"437","Polar Switch 1G","service","1","92135C00B9","","Mon Jun 22 2026 15:21:50 GMT+0700 (Indochina Time)"
"438","Polar Switch 1G","service","1","92135C0525","","Mon Jun 22 2026 15:21:50 GMT+0700 (Indochina Time)"
"439","Polar Switch 1G","service","1","92135C00B9","","Mon Jun 22 2026 15:20:36 GMT+0700 (Indochina Time)"
"440","Smoke Sensor ( Zigbee )","service","1","110116912407000027","","Mon Jun 22 2026 15:19:25 GMT+0700 (Indochina Time)"
"441","Smoke Sensor ( Zigbee )","service","1","110116912407000013","","Mon Jun 22 2026 15:19:25 GMT+0700 (Indochina Time)"
"442","Smoke Sensor ( Zigbee )","service","1","110116912407000011","","Mon Jun 22 2026 15:19:24 GMT+0700 (Indochina Time)"
"443","Smoke Sensor ( Zigbee )","service","1","110116912407000016","","Mon Jun 22 2026 15:19:24 GMT+0700 (Indochina Time)"
"444","Smoke Sensor ( Zigbee )","service","1","110116912407000017","","Mon Jun 22 2026 15:19:24 GMT+0700 (Indochina Time)"
"445","Smoke Sensor ( Zigbee )","service","1","110116912407000019","","Mon Jun 22 2026 15:19:23 GMT+0700 (Indochina Time)"
"446","Smoke Sensor ( Zigbee )","service","1","110116912407000076","","Mon Jun 22 2026 15:19:23 GMT+0700 (Indochina Time)"
"447","Smoke Sensor ( Zigbee )","service","1","110116912407000058","","Mon Jun 22 2026 15:19:23 GMT+0700 (Indochina Time)"
"448","DEFED Smart Station","service","1","BC34002802F8","","Mon Jun 22 2026 15:17:32 GMT+0700 (Indochina Time)"
"449","DEFED Smart Station","service","1","660009255","","Mon Jun 22 2026 15:17:32 GMT+0700 (Indochina Time)"
"450","MoonStone 3G WH","free","5","","","Mon Jun 22 2026 15:14:17 GMT+0700 (Indochina Time)"
"451","MoonStone 2G WH","free","3","","","Mon Jun 22 2026 15:13:38 GMT+0700 (Indochina Time)"
"452","MoonStone 1G WH","free","1","","","Mon Jun 22 2026 15:13:11 GMT+0700 (Indochina Time)"
"453","MoonStone 2G BL","free","11","","","Mon Jun 22 2026 15:12:27 GMT+0700 (Indochina Time)"
"454","MoonStone 1G BL","free","4","","","Mon Jun 22 2026 15:11:11 GMT+0700 (Indochina Time)"
"455","Nature Mini L 3G","free","1","","","Mon Jun 22 2026 15:09:18 GMT+0700 (Indochina Time)"
"456","Zigbee 2G BL","free","2","","","Mon Jun 22 2026 15:07:11 GMT+0700 (Indochina Time)"
"457","Zigbee 1G WH","free","12","","","Mon Jun 22 2026 15:05:54 GMT+0700 (Indochina Time)"
"458","Zigbee 2G WH","free","19","","","Mon Jun 22 2026 15:05:20 GMT+0700 (Indochina Time)"
"459","Zigbee 2G WH","free","12","","","Mon Jun 22 2026 15:04:23 GMT+0700 (Indochina Time)"
"460","Zigbee 3G WH","free","18","","","Mon Jun 22 2026 15:03:39 GMT+0700 (Indochina Time)"
"461","MoonStone 3G BL","free","30","","","Mon Jun 22 2026 14:59:25 GMT+0700 (Indochina Time)"
"462","MoonStone 3G BL","free","30","","","Mon Jun 22 2026 14:58:46 GMT+0700 (Indochina Time)"
"463","MoonStone 3G","free","30","","","Mon Jun 22 2026 14:41:44 GMT+0700 (Indochina Time)"